{
  "project_info": {
    "project_number": "280862263952",
    "firebase_url": "https://fir-6e185.firebaseio.com",
    "project_id": "fir-6e185",
    "storage_bucket": "fir-6e185.appspot.com"
  },
  "client": [
    {
      "client_info": {
        "mobilesdk_app_id": "1:280862263952:android:1dfcf8b8080a2e58",
        "android_client_info": {
          "package_name": "com.faulia.mila.ricycleview1"
        }
      },
      "oauth_client": [
        {
          "client_id": "280862263952-2oimg8gl321ugv3rg5nh8453e38h23oq.apps.googleusercontent.com",
          "client_type": 1,
          "android_info": {
            "package_name": "com.faulia.mila.ricycleview1",
            "certificate_hash": "308e62c0e911a8afc772317877f8ad3e15bac6d6"
          }
        },
        {
          "client_id": "280862263952-5pgjkg6tvnsotqbf9q9udui0ltt3ijkp.apps.googleusercontent.com",
          "client_type": 3
        }
      ],
      "api_key": [
        {
          "current_key": "AIzaSyAmo8n8S5BIgHxmEjq6HU1EJWpXKHSpIYE"
        }
      ],
      "services": {
        "analytics_service": {
          "status": 1
        },
        "appinvite_service": {
          "status": 2,
          "other_platform_oauth_client": [
            {
              "client_id": "280862263952-5pgjkg6tvnsotqbf9q9udui0ltt3ijkp.apps.googleusercontent.com",
              "client_type": 3
            }
          ]
        },
        "ads_service": {
          "status": 2
        }
      }
    }
  ],
  "configuration_version": "1"
}